{
    "Overall": {
        "mean": {
            "es-eu": 1.676,
            "en-eu": 2.036,
            "enes-eu": 2.124,
            "latxa": 2.51,
            "gt": 3.1020000000000003
        },
        "std": {
            "es-eu": 0.7611913326476853,
            "en-eu": 1.0448630415084093,
            "enes-eu": 0.9179599691982788,
            "latxa": 1.0235114838514308,
            "gt": 0.9983805068027101
        }
    },
    "By_language": {
        "en": {
            "mean": {
                "en-eu": 2.036,
                "enes-eu": 2.204,
                "latxa": 2.408,
                "gt": 2.9520000000000004
            },
            "std": {
                "en-eu": 1.0448630415084093,
                "enes-eu": 0.9463053828183693,
                "latxa": 0.9987420659438123,
                "gt": 1.0671801485165262
            }
        },
        "es": {
            "mean": {
                "es-eu": 1.6760000000000002,
                "enes-eu": 2.044,
                "latxa": 2.612,
                "gt": 3.252
            },
            "std": {
                "es-eu": 0.7611913326476853,
                "enes-eu": 0.8910347115252341,
                "latxa": 1.047765357748556,
                "gt": 0.9105369575258372
            }
        }
    },
    "By_corpus": {
        "EMEA-en": {
            "mean": {
                "enes-eu": 1.7999999999999998,
                "gt": 2.1,
                "en-eu": 2.5,
                "latxa": 3.3
            },
            "std": {
                "enes-eu": 0.848528137423857,
                "gt": 0.42426406871192845,
                "en-eu": 1.2727922061357855,
                "latxa": 0.7071067811865476
            }
        },
        "EMEA-es": {
            "mean": {
                "enes-eu": 1.7,
                "es-eu": 1.7,
                "gt": 3.0,
                "latxa": 3.5
            },
            "std": {
                "enes-eu": 0.42426406871192857,
                "es-eu": 0.42426406871192857,
                "gt": 0.5656854249492379,
                "latxa": 0.14142135623730964
            }
        },
        "clinicalTrials-en": {
            "mean": {
                "en-eu": 1.9000000000000001,
                "gt": 2.05,
                "enes-eu": 2.3,
                "latxa": 2.8000000000000003
            },
            "std": {
                "en-eu": 0.5033222956847166,
                "gt": 1.112055154507485,
                "enes-eu": 1.1015141094572203,
                "latxa": 1.0456258094238748
            }
        },
        "clinicaltrials-en": {
            "mean": {
                "latxa": 1.9285714285714286,
                "enes-eu": 2.0,
                "en-eu": 2.5,
                "gt": 3.0714285714285716
            },
            "std": {
                "latxa": 0.7300459115473718,
                "enes-eu": 0.9607689228305228,
                "en-eu": 1.0919284281983377,
                "gt": 0.9972489631508746
            }
        },
        "crawler-es": {
            "mean": {
                "es-eu": 1.6666666666666667,
                "enes-eu": 1.9333333333333333,
                "latxa": 2.3666666666666667,
                "gt": 3.233333333333333
            },
            "std": {
                "es-eu": 0.7554248252914824,
                "enes-eu": 0.816496580927726,
                "latxa": 1.2094075684675811,
                "gt": 0.9244818368506038
            }
        },
        "emea-en": {
            "mean": {
                "en-eu": 2.0714285714285716,
                "latxa": 2.2142857142857144,
                "enes-eu": 2.357142857142857,
                "gt": 2.9285714285714284
            },
            "std": {
                "en-eu": 1.2688144505364485,
                "latxa": 0.9749612559222293,
                "enes-eu": 1.2157392722216298,
                "gt": 1.2066664642907567
            }
        },
        "emea-es": {
            "mean": {
                "enes-eu": 1.5,
                "es-eu": 1.5,
                "gt": 3.25,
                "latxa": 3.75
            },
            "std": {
                "enes-eu": 0.5773502691896257,
                "es-eu": 0.5773502691896257,
                "gt": 0.5,
                "latxa": 0.5
            }
        },
        "pubmedabs-en": {
            "mean": {
                "en-eu": 1.575,
                "enes-eu": 2.275,
                "latxa": 2.7875,
                "gt": 3.2
            },
            "std": {
                "en-eu": 0.7187952884282609,
                "enes-eu": 0.6806859285554047,
                "latxa": 1.0818964830333815,
                "gt": 0.9715966241192896
            }
        },
        "pubmedabs-es": {
            "mean": {
                "es-eu": 1.4857142857142858,
                "enes-eu": 2.2,
                "latxa": 2.4285714285714284,
                "gt": 3.314285714285714
            },
            "std": {
                "es-eu": 0.7646972634722219,
                "enes-eu": 1.0066445913694333,
                "latxa": 1.1338934190276817,
                "gt": 0.7470577207252718
            }
        },
        "pubmedart-es": {
            "mean": {
                "es-eu": 1.6285714285714286,
                "latxa": 2.085714285714286,
                "enes-eu": 2.2,
                "gt": 3.7142857142857144
            },
            "std": {
                "es-eu": 0.7521398046336104,
                "latxa": 1.1066896153673371,
                "enes-eu": 0.6733003292241385,
                "gt": 0.48795003647426655
            }
        },
        "snomed-es": {
            "mean": {
                "es-eu": 2.066666666666667,
                "enes-eu": 2.2333333333333334,
                "latxa": 2.2666666666666666,
                "gt": 2.3666666666666667
            },
            "std": {
                "es-eu": 0.9933109617167559,
                "enes-eu": 1.098483803552272,
                "latxa": 1.0708252269472673,
                "gt": 1.4719601443879746
            }
        },
        "spaccc-es": {
            "mean": {
                "es-eu": 1.8,
                "latxa": 2.3333333333333335,
                "enes-eu": 2.766666666666667,
                "gt": 3.9
            },
            "std": {
                "es-eu": 1.1454256850621083,
                "latxa": 1.0327955589886444,
                "enes-eu": 0.8801515021101007,
                "gt": 0.1673320053068151
            }
        },
        "ufal-es": {
            "mean": {
                "es-eu": 1.7,
                "enes-eu": 1.8666666666666665,
                "latxa": 2.8666666666666667,
                "gt": 2.966666666666667
            },
            "std": {
                "es-eu": 0.7874007874011811,
                "enes-eu": 1.1430952132988166,
                "latxa": 1.1075498483890767,
                "gt": 1.2484657250668385
            }
        },
        "wiki-es": {
            "mean": {
                "enes-eu": 1.5333333333333332,
                "es-eu": 1.5333333333333332,
                "latxa": 3.0,
                "gt": 3.266666666666667
            },
            "std": {
                "enes-eu": 0.6653319973266479,
                "es-eu": 0.5163977794943222,
                "latxa": 0.5796550698475775,
                "gt": 0.6889605697474034
            }
        }
    }
}